Badan_Departemen,Divisi_Biro_Komisi,Nama,Jabatan
Badan Pengurus Harian (Kesekjenan),-,Ginda Fajar Riadi Marpaung,Ketua Himpunan
Badan Pengurus Harian (Kesekjenan),-,Muhammad Aqil Ramadhan,Sekretaris Jendral
Badan Pengurus Harian (Kesekjenan),-,Efi Defiyati,Sekretaris
Badan Pengurus Harian (Kesekjenan),-,Qois Olifio,Sekretaris
Badan Pengurus Harian (Kesekjenan),-,Hafsa Fazila Arradhi,Bendahara
Badan Pengurus Harian (Kesekjenan),-,Luthfia Laila Ramadhani,Bendahara
Akademik dan Keprofesian (MIKFES),-,Fabio Banyu Cyto,Kepala Departement
Akademik dan Keprofesian (MIKFES),-,Tanty Widiyastuti,Sekretaris
Akademik dan Keprofesian (MIKFES),Professional Skill Development,Fadil Prasetyo,Kepala Divisi
Akademik dan Keprofesian (MIKFES),Professional Skill Development,Manuel Frederika,Anggota
Akademik dan Keprofesian (MIKFES),Professional Skill Development,Ni Made Okta Viola Darma Putri,Anggota
Akademik dan Keprofesian (MIKFES),Professional Skill Development,Risa Romadona,Anggota
Akademik dan Keprofesian (MIKFES),Professional Skill Development,Vannisa Ramadhani,Anggota
Akademik dan Keprofesian (MIKFES),Professional Skill Development,Yulia Kristine Malau,Anggota
Akademik dan Keprofesian (MIKFES),Pusat Inovasi dan Kajian Akademik,Akeyla Fairuz Shafi,Kepala Divisi
Akademik dan Keprofesian (MIKFES),Pusat Inovasi dan Kajian Akademik,Elsa Sitorus,Anggota
Akademik dan Keprofesian (MIKFES),Pusat Inovasi dan Kajian Akademik,Fadya Izzatul 'Aini,Anggota
Akademik dan Keprofesian (MIKFES),Pusat Inovasi dan Kajian Akademik,Lovianora Saragih,Anggota
Akademik dan Keprofesian (MIKFES),Pusat Inovasi dan Kajian Akademik,M. Alsi Syahrulloh,Anggota
Akademik dan Keprofesian (MIKFES),Pusat Inovasi dan Kajian Akademik,Sherena Florencia,Anggota
Akademik dan Keprofesian (MIKFES),Research & Development,Razin Hafid Hamdi,Kepala Divisi
Akademik dan Keprofesian (MIKFES),Research & Development,Faiza Try Anjani,Anggota
Akademik dan Keprofesian (MIKFES),Research & Development,Gathfan Nadif Ali,Anggota
Akademik dan Keprofesian (MIKFES),Research & Development,Hafidz Wahdiansyah,Anggota
Akademik dan Keprofesian (MIKFES),Research & Development,Kaleb Filbert Istel,Anggota
Akademik dan Keprofesian (MIKFES),Research & Development,Melva Shaprina Febrianti,Anggota
Akademik dan Keprofesian (MIKFES),Research & Development,Muhammad Syafiqul Falakh,Anggota
Akademik dan Keprofesian (MIKFES),Research & Development,Rifky Henry Ferdianto,Anggota
Eksternal,-,Arini Puteri Elandra,Kepala Departement
Eksternal,-,Nabyla Sharfina,Sekretaris
Eksternal,Hubungan Luar,Khoirul Muttoharoh,Kepala Divisi
Eksternal,Hubungan Luar,Ahmad Rizky,Staff Ahli
Eksternal,Hubungan Luar,Adinda Deswita Maharani,Anggota
Eksternal,Hubungan Luar,Ahmad Bimo Akbar Arkana putra,Anggota
Eksternal,Hubungan Luar,Alfaya Rafif Abiyyi,Anggota
Eksternal,Hubungan Luar,Asri Meilani,Anggota
Eksternal,Hubungan Luar,Bima Ekayasa,Anggota
Eksternal,Hubungan Luar,Indah Khairunnisa,Anggota
Eksternal,Hubungan Luar,Riska Erlis Dayu Tiara,Anggota
Eksternal,Hubungan Luar,Yollanda Agustina,Anggota
Eksternal,Pengabdian Masyarakat,Aditya Taufiqurrohman,Kepala Divisi
Eksternal,Pengabdian Masyarakat,Fathya Intami Gusda,Staff Ahli
Eksternal,Pengabdian Masyarakat,Tarisya Hidayatul Rahmi,Staff Ahli
Eksternal,Pengabdian Masyarakat,Ashila Islamisahfa Vanisha,Anggota
Eksternal,Pengabdian Masyarakat,Danil N Fadillah,Anggota
Eksternal,Pengabdian Masyarakat,Favian Arkaanda,Anggota
Eksternal,Pengabdian Masyarakat,Muhammad Fathiy Zumar Yazid,Anggota
Eksternal,Pengabdian Masyarakat,Muhammad Rizaldi,Anggota
Eksternal,Pengabdian Masyarakat,Saskia Nova Magdalena,Anggota
Eksternal,Pengabdian Masyarakat,Selma Siti Aisyah,Anggota
Internal,-,Haikal Fransisko Simbolon,Kepala Departement
Internal,-,Kharisma Mustika Sari,Sekretaris
Internal,Keharmonisasian,Hanna Gresia Sinaga,Kepala Divisi
Internal,Keharmonisasian,A Farhan Ghani,Staff Ahli
Internal,Keharmonisasian,Aisyah Khairun Nisa,Anggota
Internal,Keharmonisasian,Cerine Sihotang,Anggota
Internal,Keharmonisasian,Jaya Saputra Tamba,Anggota
Internal,Keharmonisasian,Najla Nursyifa,Anggota
Internal,Keharmonisasian,Rozak Ramdani,Anggota
Internal,Keharmonisasian,Teresa Christiani Purba,Anggota
Internal,Kerohanian,Muhammad Hanif Dzaky Arifin,Kepala Divisi
Internal,Kerohanian,Audina Fitria,Anggota
Internal,Kerohanian,Cika Adelia Br Marbun,Anggota
Internal,Kerohanian,Gustin H. Tampubolon,Anggota
Internal,Kerohanian,Muhammad Harvinsyah,Anggota
Internal,Kerohanian,Rafa Sabina Fahimah,Anggota
Media Kreatif (MEDKRAF),-,Nayla Salsabila Fathianisa,Kepala Departement
Media Kreatif (MEDKRAF),-,Donna Maya Puspita,Sekretaris
Media Kreatif (MEDKRAF),Dokumentasi,Labo John Noel Napitupulu,Kepala Divisi
Media Kreatif (MEDKRAF),Dokumentasi,Anash Tasya Ausyaqila,Anggota
Media Kreatif (MEDKRAF),Dokumentasi,Felisya Nabila Putri Nugroho,Anggota
Media Kreatif (MEDKRAF),Dokumentasi,Muhammad Razan Maulana Pratama,Anggota
Media Kreatif (MEDKRAF),Media dan Konten Spesialis,Sania Dwi Ayu Lestari,Kepala Divisi
Media Kreatif (MEDKRAF),Media dan Konten Spesialis,Allisha,Anggota
Media Kreatif (MEDKRAF),Media dan Konten Spesialis,Alya Ramadhanti,Anggota
Media Kreatif (MEDKRAF),Media dan Konten Spesialis,Bunga Clarisa Sefa,Anggota
Media Kreatif (MEDKRAF),Media dan Konten Spesialis,Difanya Husakina,Anggota
Media Kreatif (MEDKRAF),Media dan Konten Spesialis,Nazlah Auliya,Anggota
Media Kreatif (MEDKRAF),Visual Design,Raihana Adelia Putri,Kepala Divisi
Media Kreatif (MEDKRAF),Visual Design,Daffa Kharisma Adzana,Anggota
Media Kreatif (MEDKRAF),Visual Design,Edsel Adya Pradipta,Anggota
Media Kreatif (MEDKRAF),Visual Design,Lucia Advencia Rachel Nainggolan,Anggota
Media Kreatif (MEDKRAF),Visual Design,Shafa Delaila Azzahra,Anggota
Media Kreatif (MEDKRAF),Visual Design,Zannuba Arifah Ilman,Anggota
Minat dan Bakat (MINBAK),-,Kevin Antonio Junior,Kepala Departement
Minat dan Bakat (MINBAK),-,Gusti Putu Ferazka D.,Sekretaris
Minat dan Bakat (MINBAK),Manajemen Aktivitas dan Kompetisi,Ali Aristo Muthahhari Parisi,Kepala Divisi
Minat dan Bakat (MINBAK),Manajemen Aktivitas dan Kompetisi,Ayu Andriani Parlina Wati,Anggota
Minat dan Bakat (MINBAK),Manajemen Aktivitas dan Kompetisi,Dafa Elpriza,Anggota
Minat dan Bakat (MINBAK),Manajemen Aktivitas dan Kompetisi,Juwita Sari,Anggota
Minat dan Bakat (MINBAK),Manajemen Aktivitas dan Kompetisi,Muhammad Afdal Lutfi,Anggota
Minat dan Bakat (MINBAK),Manajemen Aktivitas dan Kompetisi,Salsabila Nazwa Putri,Anggota
Minat dan Bakat (MINBAK),Manajemen Minat dan Bakat,Muhammad Ridwan,Kepala Divisi
Minat dan Bakat (MINBAK),Manajemen Minat dan Bakat,Andra Ilham Bintang,Anggota
Minat dan Bakat (MINBAK),Manajemen Minat dan Bakat,Bryan Paskah Telaumbanua,Anggota
Minat dan Bakat (MINBAK),Manajemen Minat dan Bakat,Ghiyats Thabularasa Meardhy,Anggota
Minat dan Bakat (MINBAK),Manajemen Minat dan Bakat,Indah Julia Mawar Pratiwi,Anggota
Minat dan Bakat (MINBAK),Manajemen Minat dan Bakat,Jacinda Kesya Alvara,Anggota
Minat dan Bakat (MINBAK),Manajemen Minat dan Bakat,Muhammad Rafka Fatih Al Ghathfaan,Anggota
Pengembangan Sumber Daya Anggota (PSDA),-,Arienta Khusnul Ananda,Kepala Departement
Pengembangan Sumber Daya Anggota (PSDA),-,Vany Salsabila Putri,Sekretaris
Pengembangan Sumber Daya Anggota (PSDA),Kaderisasi,Nobel Nizam F,Kepala Divisi
Pengembangan Sumber Daya Anggota (PSDA),Kaderisasi,Afriza Azmi,Anggota
Pengembangan Sumber Daya Anggota (PSDA),Kaderisasi,Ayake Alfatih Ramadan,Anggota
Pengembangan Sumber Daya Anggota (PSDA),Kaderisasi,Caesar Ozora Alrando,Anggota
Pengembangan Sumber Daya Anggota (PSDA),Kaderisasi,Euodia Meiliana Friedita,Anggota
Pengembangan Sumber Daya Anggota (PSDA),Kaderisasi,Haikal Seventino Tamba,Anggota
Pengembangan Sumber Daya Anggota (PSDA),Kaderisasi,Putri Manna Anantama Simbolon,Anggota
Pengembangan Sumber Daya Anggota (PSDA),Kaderisasi,Queenta Thifaal Nabila,Anggota
Pengembangan Sumber Daya Anggota (PSDA),Peningkatan Mutu Anggota,Desman Velius Halawa,Kepala Divisi
Pengembangan Sumber Daya Anggota (PSDA),Peningkatan Mutu Anggota,Azzelya Thianandry,Anggota
Pengembangan Sumber Daya Anggota (PSDA),Peningkatan Mutu Anggota,Charrlindah,Anggota
Pengembangan Sumber Daya Anggota (PSDA),Peningkatan Mutu Anggota,Jeremi Marolop P. Situmorang,Anggota
Pengembangan Sumber Daya Anggota (PSDA),Peningkatan Mutu Anggota,Nabila Nur Azizah,Anggota
Pengembangan Sumber Daya Anggota (PSDA),Peningkatan Mutu Anggota,Rafli Al Mansyah Tambunan,Anggota
Pengembangan Sumber Daya Anggota (PSDA),Peningkatan Mutu Anggota,Salavi Naharani,Anggota
Storage Sains Data (SSD),-,Ihsan Maulana Yusuf,Kepala Departement
Storage Sains Data (SSD),-,Hanifah Inaya Sani,Sekretaris
Storage Sains Data (SSD),Kemitraan,Afifah Fauziah,Kepala Divisi
Storage Sains Data (SSD),Kemitraan,Hasan Nur Ramadhan,Anggota
Storage Sains Data (SSD),Kemitraan,Layina Ropiqo,Anggota
Storage Sains Data (SSD),Kemitraan,Moch. Iqbal Az-Zahir,Anggota
Storage Sains Data (SSD),Kemitraan,Talitha Justine,Anggota
Storage Sains Data (SSD),Kewirausahaan,Anadia Carana,Kepala Divisi
Storage Sains Data (SSD),Kewirausahaan,Abdillah Fikri Al pome,Staff Ahli
Storage Sains Data (SSD),Kewirausahaan,Afdhal Rahmad Setiawan,Anggota
Storage Sains Data (SSD),Kewirausahaan,Anggun Nita,Anggota
Storage Sains Data (SSD),Kewirausahaan,Della Anisa Fitri,Anggota
Badan Kesenatoran (BASON),-,Fathinah Nur Azizah,Senator
Badan Kesenatoran (BASON),Biro Aspirasi dan Media Komunikasi,Helmy Surya Pratama,Kepala Biro
Badan Kesenatoran (BASON),Biro Aspirasi dan Media Komunikasi,Fernando Dimetrius Barus,Staff Biro
Badan Kesenatoran (BASON),Biro Aspirasi dan Media Komunikasi,Suci Aulia,Staff Biro
Badan Kesenatoran (BASON),Biro Aspirasi dan Media Komunikasi,Wielman Itolo Halawa,Staff Biro
Badan Kesenatoran (BASON),Biro Kajian Strategis dan Propaganda,Lia Hana Ichisasmita,Kepala Biro
Badan Kesenatoran (BASON),Biro Kajian Strategis dan Propaganda,Aqila Zayyan Salsabil,Staff Biro
Badan Kesenatoran (BASON),Biro Kajian Strategis dan Propaganda,Hazel Mahesa Handhaka,Staff Biro
Badan Kesenatoran (BASON),Biro Kesekretariatan,Nadya Ratu Anjani,Kepala Biro
Badan Kesenatoran (BASON),Biro Kesekretariatan,Dwi Rahma Fitriani,Staff Biro
Badan Legislatif (BALEG),-,Ridho Benedictus Togi Manik,Ketua Baleg
Badan Legislatif (BALEG),-,Juesi Apridelia Saragih,Sekretaris
Badan Legislatif (BALEG),Komisi I Legislasi,Dharu Cahyoaji Sasongko,Kepala Komisi
Badan Legislatif (BALEG),Komisi I Legislasi,Gh Mikael Niko A S,Staff Komisi
Badan Legislatif (BALEG),Komisi I Legislasi,Siti Sarifah Sumamah,Staff Komisi
Badan Legislatif (BALEG),Komisi II Pengawasan,Givaro Ananta,Kepala Komisi
Badan Legislatif (BALEG),Komisi II Pengawasan,Afghanis Nursholehatunnisa,Staff Komisi
Badan Legislatif (BALEG),Komisi II Pengawasan,Hani Qurrota Aini,Staff Komisi
Badan Legislatif (BALEG),Komisi II Pengawasan,Jeremia Halim,Staff Komisi
Badan Legislatif (BALEG),Komisi III Aspirasi dan Media Informasi,Monica Patricia Tanjung,Kepala Komisi
Badan Legislatif (BALEG),Komisi III Aspirasi dan Media Informasi,Jona Timothy Ogatse Panjaitan,Staff Komisi
Badan Legislatif (BALEG),Komisi III Aspirasi dan Media Informasi,Sekar Dini Widya Putri,Staff Komisi
Badan Legislatif (BALEG),Komisi III Aspirasi dan Media Informasi,Wan Nashwa Alhasni Yuska,Staff Komisi
